block_id,chr,start_pos,end_pos,n_snps,physical_span_bp,pic,NA_col
blk1,1,1102,1102,1,0,0.1496,NA
blk2,1,2906,2906,1,0,0.0587,NA
blk3,1,6260,6260,1,0,0.3935,NA
blk4,1,8360,8360,1,0,0.1754,NA
blk5,1,9945,9945,1,0,0.3989,NA
blk6,1,14609,14609,1,0,0.2552,NA
blk7,1,26489,26489,1,0,0.2362,NA
blk8,1,26850,26850,1,0,0.279,NA
blk9,1,30019,30019,1,0,0.3994,NA
blk10,1,37077,37077,1,0,0.079,NA
blk11,1,47207,47207,1,0,0.2027,NA
blk12,1,48480,48480,1,0,0.0871,NA
blk13,1,51844,51844,1,0,0.3436,NA
blk14,1,54558,54558,1,0,0.1841,NA
blk15,1,55424,55424,1,0,0.1318,NA
blk16,1,62412,62412,1,0,0.1385,NA
blk17,1,62604,62604,1,0,0.4088,NA
blk18,1,63040,63040,1,0,0.4871,NA
blk19,1,64083,64083,1,0,0.0596,NA
blk20,1,75361,75361,1,0,0.2181,NA
blk21,1,75742,75742,1,0,0.3882,NA
blk22,1,80767,80767,1,0,0.3717,NA
blk23,1,83555,83555,1,0,0.3559,NA
blk24,1,85393,85393,1,0,0.3237,NA
blk25,1,87775,87775,1,0,0.1584,NA
blk26,1,100555,100555,1,0,0.0863,NA
blk27,1,101753,101753,1,0,0.3198,NA
blk28,1,103257,103257,1,0,0.4981,NA
blk29,1,103661,103661,1,0,0.1593,NA
blk30,1,104535,104535,1,0,0.3682,NA
blk31,1,107092,107092,1,0,0.3646,NA
blk32,1,108848,108848,1,0,0.1576,NA
blk33,1,113679,113679,1,0,0.2295,NA
blk34,1,114463,114463,1,0,0.2017,NA
blk35,1,141841,141841,1,0,0.4096,NA
blk36,1,143295,143295,1,0,0.074,NA
blk37,1,152074,152074,1,0,0.0805,NA
blk38,1,155380,155380,1,0,0.4766,NA
blk39,1,158983,158983,1,0,0.0997,NA
blk40,1,160630,160630,1,0,0.2346,NA
blk41,1,161060,161060,1,0,0.3055,NA
blk42,1,165771,165771,1,0,0.3176,NA
blk43,1,186657,186657,1,0,0.0785,NA
blk44,1,193504,193504,1,0,0.3643,NA
blk45,1,203504,203504,1,0,0.3887,NA
blk46,1,207956,207956,1,0,0.111,NA
blk47,1,220332,220332,1,0,0.3576,NA
blk48,1,223492,223492,1,0,0.1516,NA
blk49,1,227278,227278,1,0,0.1423,NA
blk50,1,239549,239549,1,0,0.2635,NA
blk51,1,242511,242511,1,0,0.2805,NA
blk52,1,249033,249033,1,0,0.3867,NA
blk53,1,249590,249590,1,0,0.4657,NA
blk54,1,250761,250761,1,0,0.2179,NA
blk55,1,251882,251882,1,0,0.3544,NA
blk56,1,252448,252448,1,0,0.1375,NA
blk57,1,263159,263159,1,0,0.3338,NA
blk58,1,287752,287752,1,0,0.1704,NA
blk59,1,296899,296899,1,0,0.0538,NA
blk60,1,300083,300083,1,0,0.1755,NA
blk61,1,302693,302693,1,0,0.3365,NA
blk62,1,317469,317469,1,0,0.4374,NA
blk63,1,317932,317932,1,0,0.3793,NA
blk64,1,322502,322502,1,0,0.4445,NA
blk65,1,324291,324291,1,0,0.4466,NA
blk66,1,326229,326229,1,0,0.071,NA
blk67,1,327553,327553,1,0,0.1166,NA
blk68,1,336379,336379,1,0,0.0699,NA
blk69,1,337139,337139,1,0,0.4863,NA
blk70,1,340447,340447,1,0,0.4866,NA
blk71,1,340876,340876,1,0,0.4716,NA
blk72,1,341097,341097,1,0,0.1998,NA
blk73,1,341590,341590,1,0,0.4767,NA
blk74,1,344444,344444,1,0,0.4411,NA
blk75,1,345670,345670,1,0,0.1705,NA
blk76,1,360097,360097,1,0,0.1238,NA
blk77,1,360437,360437,1,0,0.1765,NA
blk78,1,369257,369257,1,0,0.2384,NA
blk79,1,377659,377659,1,0,0.152,NA
blk80,1,379079,379079,1,0,0.3726,NA
blk81,1,379756,379756,1,0,0.443,NA
blk82,1,385213,385213,1,0,0.2617,NA
blk83,1,392481,392481,1,0,0.092,NA
blk84,1,403306,403306,1,0,0.1886,NA
blk85,1,410955,410955,1,0,0.3486,NA
blk86,1,414994,414994,1,0,0.1837,NA
blk87,1,427928,427928,1,0,0.1642,NA
blk88,1,433033,433033,1,0,0.4367,NA
blk89,1,435085,435085,1,0,0.3361,NA
blk90,1,438791,438791,1,0,0.2403,NA
blk91,1,441343,441343,1,0,0.1868,NA
blk92,1,445603,445603,1,0,0.0794,NA
blk93,1,459900,459900,1,0,0.1483,NA
blk94,1,463233,463233,1,0,0.4732,NA
blk95,1,467204,467204,1,0,0.1331,NA
blk96,1,486744,486744,1,0,0.2319,NA
blk97,1,491229,491229,1,0,0.4505,NA
blk98,1,493641,493641,1,0,0.3815,NA
blk99,1,498397,498397,1,0,0.3935,NA
blk100,1,499845,499845,1,0,0.1487,NA
blk101,2,2944,2944,1,0,0.0734,NA
blk102,2,3131,3131,1,0,0.499,NA
blk103,2,9080,9080,1,0,0.1131,NA
blk104,2,12248,12248,1,0,0.4631,NA
blk105,2,13349,13349,1,0,0.3281,NA
blk106,2,17100,17100,1,0,0.3822,NA
blk107,2,19869,19869,1,0,0.2792,NA
blk108,2,21117,21117,1,0,0.3248,NA
blk109,2,24578,24578,1,0,0.4155,NA
blk110,2,30135,30135,1,0,0.4955,NA
blk111,2,35392,35392,1,0,0.3716,NA
blk112,2,37794,37794,1,0,0.1209,NA
blk113,2,38770,38770,1,0,0.3064,NA
blk114,2,43762,43762,1,0,0.4489,NA
blk115,2,56181,56181,1,0,0.1768,NA
blk116,2,61988,61988,1,0,0.1797,NA
blk117,2,62285,62285,1,0,0.2212,NA
blk118,2,62640,62640,1,0,0.4158,NA
blk119,2,62979,62979,1,0,0.3355,NA
blk120,2,67686,67686,1,0,0.1853,NA
blk121,2,75398,75398,1,0,0.3982,NA
blk122,2,77742,77742,1,0,0.1855,NA
blk123,2,84894,84894,1,0,0.2927,NA
blk124,2,87307,87307,1,0,0.0517,NA
blk125,2,92702,92702,1,0,0.3498,NA
blk126,2,94151,94151,1,0,0.4373,NA
blk127,2,97343,97370,2,27,0.1304,NA
blk128,2,97712,97712,1,0,0.1298,NA
blk129,2,98017,98017,1,0,0.2563,NA
blk130,2,104648,104648,1,0,0.2915,NA
blk131,2,109126,109126,1,0,0.1731,NA
blk132,2,121504,121504,1,0,0.1601,NA
blk133,2,126177,126177,1,0,0.2238,NA
blk134,2,127165,127165,1,0,0.1021,NA
blk135,2,130717,130717,1,0,0.3475,NA
blk136,2,132227,132227,1,0,0.2462,NA
blk137,2,137713,137713,1,0,0.1134,NA
blk138,2,142493,142493,1,0,0.1726,NA
blk139,2,145925,145925,1,0,0.0792,NA
blk140,2,153176,153176,1,0,0.4327,NA
blk141,2,157878,157878,1,0,0.1196,NA
blk142,2,164233,164233,1,0,0.4457,NA
blk143,2,179381,179381,1,0,0.3702,NA
blk144,2,180025,180025,1,0,0.2957,NA
blk145,2,189083,189083,1,0,0.1406,NA
blk146,2,191509,191509,1,0,0.3486,NA
blk147,2,196291,196291,1,0,0.2699,NA
blk148,2,203491,203491,1,0,0.328,NA
blk149,2,206504,206504,1,0,0.2218,NA
blk150,2,207410,207410,1,0,0.0813,NA
blk151,2,208397,208397,1,0,0.3822,NA
blk152,2,209761,209761,1,0,0.3421,NA
blk153,2,214972,214972,1,0,0.4456,NA
blk154,2,216758,216758,1,0,0.4239,NA
blk155,2,220765,220765,1,0,0.4936,NA
blk156,2,222898,222898,1,0,0.3133,NA
blk157,2,224070,224070,1,0,0.1773,NA
blk158,2,229195,229195,1,0,0.3862,NA
blk159,2,260764,260764,1,0,0.353,NA
blk160,2,269102,269102,1,0,0.437,NA
blk161,2,270253,270253,1,0,0.4461,NA
blk162,2,278185,278185,1,0,0.4046,NA
blk163,2,281481,281481,1,0,0.1627,NA
blk164,2,287254,287254,1,0,0.0891,NA
blk165,2,288470,288470,1,0,0.1624,NA
blk166,2,297926,297926,1,0,0.4878,NA
blk167,2,301323,301323,1,0,0.4848,NA
blk168,2,303707,303707,1,0,0.409,NA
blk169,2,314612,314612,1,0,0.179,NA
blk170,2,321649,321649,1,0,0.3982,NA
blk171,2,326154,326154,1,0,0.2675,NA
blk172,2,326483,326483,1,0,0.2541,NA
blk173,2,328076,328076,1,0,0.3185,NA
blk174,2,331372,331372,1,0,0.3163,NA
blk175,2,334779,334779,1,0,0.0782,NA
blk176,2,335522,335522,1,0,0.2872,NA
blk177,2,339090,339090,1,0,0.073,NA
blk178,2,350143,350143,1,0,0.2392,NA
blk179,2,350746,350746,1,0,0.3554,NA
blk180,2,353147,353147,1,0,0.2716,NA
blk181,2,381027,381027,1,0,0.0756,NA
blk182,2,382453,382453,1,0,0.3401,NA
blk183,2,395440,395440,1,0,0.4867,NA
blk184,2,399170,399170,1,0,0.1858,NA
blk185,2,429592,429592,1,0,0.0774,NA
blk186,2,433732,433732,1,0,0.146,NA
blk187,2,437025,437025,1,0,0.1535,NA
blk188,2,446932,446932,1,0,0.3334,NA
blk189,2,447861,447861,1,0,0.071,NA
blk190,2,448592,448592,1,0,0.2717,NA
blk191,2,455197,455197,1,0,0.4539,NA
blk192,2,456574,456574,1,0,0.3958,NA
blk193,2,458615,458615,1,0,0.0828,NA
blk194,2,463021,463021,1,0,0.4124,NA
blk195,2,463746,463746,1,0,0.3742,NA
blk196,2,466829,466829,1,0,0.1771,NA
blk197,2,473190,473190,1,0,0.3885,NA
blk198,2,487196,487196,1,0,0.3581,NA
blk199,2,493387,493387,1,0,0.3345,NA
blk200,3,1026,1093,2,67,0.0746,NA
blk201,3,9323,9323,1,0,0.3696,NA
blk202,3,13369,13369,1,0,0.1845,NA
blk203,3,14479,14479,1,0,0.1325,NA
blk204,3,14971,14971,1,0,0.1069,NA
blk205,3,20997,21114,2,117,0.3262,NA
blk206,3,22928,22928,1,0,0.4652,NA
blk207,3,31062,31062,1,0,0.1182,NA
blk208,3,31517,31517,1,0,0.3078,NA
blk209,3,35302,35302,1,0,0.2648,NA
blk210,3,59551,59551,1,0,0.486,NA
blk211,3,61261,61261,1,0,0.2616,NA
blk212,3,62162,62162,1,0,0.2095,NA
blk213,3,64002,64002,1,0,0.0684,NA
blk214,3,68686,68686,1,0,0.153,NA
blk215,3,72766,72766,1,0,0.1696,NA
blk216,3,81411,81411,1,0,0.1875,NA
blk217,3,83029,83029,1,0,0.2072,NA
blk218,3,83992,83992,1,0,0.2787,NA
blk219,3,86550,86550,1,0,0.1202,NA
blk220,3,87496,87496,1,0,0.4758,NA
blk221,3,89395,89395,1,0,0.4955,NA
blk222,3,92544,92544,1,0,0.3502,NA
blk223,3,96036,96036,1,0,0.09,NA
blk224,3,98402,98402,1,0,0.0972,NA
blk225,3,102286,102286,1,0,0.2863,NA
blk226,3,104353,104353,1,0,0.152,NA
blk227,3,108087,108087,1,0,0.4822,NA
blk228,3,108478,108478,1,0,0.4843,NA
blk229,3,118039,118039,1,0,0.1593,NA
blk230,3,119470,119470,1,0,0.3276,NA
blk231,3,119693,119693,1,0,0.274,NA
blk232,3,128908,128908,1,0,0.2305,NA
blk233,3,131809,131809,1,0,0.4618,NA
blk234,3,136131,136131,1,0,0.1519,NA
blk235,3,141677,141677,1,0,0.1913,NA
blk236,3,143680,143680,1,0,0.1317,NA
blk237,3,163569,163569,1,0,0.0649,NA
blk238,3,163720,163720,1,0,0.364,NA
blk239,3,177314,177314,1,0,0.3519,NA
blk240,3,181830,181830,1,0,0.4856,NA
blk241,3,186708,186708,1,0,0.1289,NA
blk242,3,188565,188565,1,0,0.0973,NA
blk243,3,191450,191450,1,0,0.3558,NA
blk244,3,202385,202385,1,0,0.0788,NA
blk245,3,206272,206272,1,0,0.4407,NA
blk246,3,206620,206620,1,0,0.1381,NA
blk247,3,207624,207624,1,0,0.4178,NA
blk248,3,208351,208351,1,0,0.1657,NA
blk249,3,219884,219884,1,0,0.4418,NA
blk250,3,220663,220663,1,0,0.2078,NA
blk251,3,224890,224890,1,0,0.4362,NA
blk252,3,228930,228930,1,0,0.1642,NA
blk253,3,232416,232416,1,0,0.1084,NA
blk254,3,234998,234998,1,0,0.0633,NA
blk255,3,235517,235517,1,0,0.1326,NA
blk256,3,240817,240817,1,0,0.0956,NA
blk257,3,248258,248258,1,0,0.3467,NA
blk258,3,250791,250791,1,0,0.0911,NA
blk259,3,253650,253650,1,0,0.3909,NA
blk260,3,267079,267079,1,0,0.3308,NA
blk261,3,267886,267886,1,0,0.3325,NA
blk262,3,268641,268641,1,0,0.2074,NA
blk263,3,269229,269229,1,0,0.3812,NA
blk264,3,278161,278161,1,0,0.4965,NA
blk265,3,280610,280610,1,0,0.1827,NA
blk266,3,281301,281301,1,0,0.337,NA
blk267,3,285494,285494,1,0,0.4228,NA
blk268,3,293529,293529,1,0,0.2493,NA
blk269,3,314123,314123,1,0,0.1175,NA
blk270,3,323469,323469,1,0,0.2008,NA
blk271,3,328229,328229,1,0,0.4277,NA
blk272,3,329757,329757,1,0,0.2542,NA
blk273,3,330432,330432,1,0,0.1368,NA
blk274,3,331867,331867,1,0,0.2424,NA
blk275,3,333860,333860,1,0,0.2865,NA
blk276,3,340117,340117,1,0,0.304,NA
blk277,3,340691,340691,1,0,0.392,NA
blk278,3,348593,348593,1,0,0.2116,NA
blk279,3,360317,360410,2,93,0.1371,NA
blk280,3,371067,371067,1,0,0.0982,NA
blk281,3,375528,375528,1,0,0.0638,NA
blk282,3,379047,379047,1,0,0.4105,NA
blk283,3,396759,396759,1,0,0.4239,NA
blk284,3,407581,407581,1,0,0.3248,NA
blk285,3,408953,408953,1,0,0.207,NA
blk286,3,410504,410504,1,0,0.2263,NA
blk287,3,410796,410796,1,0,0.4961,NA
blk288,3,427911,427911,1,0,0.3386,NA
blk289,3,436516,436516,1,0,0.1435,NA
blk290,3,438293,438293,1,0,0.1919,NA
blk291,3,443986,443986,1,0,0.2411,NA
blk292,3,449642,449642,1,0,0.1937,NA
blk293,3,454596,454596,1,0,0.1958,NA
blk294,3,472806,472806,1,0,0.3799,NA
blk295,3,478283,478283,1,0,0.3686,NA
blk296,3,494135,494135,1,0,0.3197,NA
blk297,4,5615,5615,1,0,0.3666,NA
blk298,4,19103,19103,1,0,0.3415,NA
blk299,4,41327,41327,1,0,0.3269,NA
blk300,4,47293,47293,1,0,0.4296,NA
blk301,4,54423,54423,1,0,0.3913,NA
blk302,4,55012,55012,1,0,0.1009,NA
blk303,4,57313,57313,1,0,0.2048,NA
blk304,4,62900,62961,2,61,0.4655,NA
blk305,4,63385,63385,1,0,0.3692,NA
blk306,4,63580,63580,1,0,0.1686,NA
blk307,4,70835,70835,1,0,0.4274,NA
blk308,4,73104,73104,1,0,0.3379,NA
blk309,4,74126,74126,1,0,0.3597,NA
blk310,4,76239,76239,1,0,0.3798,NA
blk311,4,77043,77043,1,0,0.15,NA
blk312,4,79512,79512,1,0,0.145,NA
blk313,4,89746,89746,1,0,0.4729,NA
blk314,4,93302,93425,2,123,0.3179,NA
blk315,4,97630,97630,1,0,0.1037,NA
blk316,4,98046,98046,1,0,0.3454,NA
blk317,4,99545,99634,2,89,0.3526,NA
blk318,4,110670,110670,1,0,0.2622,NA
blk319,4,113370,113370,1,0,0.1599,NA
blk320,4,117709,117709,1,0,0.4817,NA
blk321,4,120534,120534,1,0,0.2813,NA
blk322,4,126870,126870,1,0,0.4986,NA
blk323,4,132660,132660,1,0,0.0739,NA
blk324,4,146785,146785,1,0,0.2321,NA
blk325,4,159823,159823,1,0,0.0578,NA
blk326,4,160884,160884,1,0,0.2672,NA
blk327,4,161955,161955,1,0,0.4723,NA
blk328,4,167561,167561,1,0,0.2604,NA
blk329,4,169687,169687,1,0,0.21,NA
blk330,4,170481,170481,1,0,0.2971,NA
blk331,4,172495,172495,1,0,0.3651,NA
blk332,4,179070,179070,1,0,0.0514,NA
blk333,4,189553,189553,1,0,0.4673,NA
blk334,4,191069,191069,1,0,0.158,NA
blk335,4,192490,192490,1,0,0.1398,NA
blk336,4,195172,195172,1,0,0.0777,NA
blk337,4,198329,198329,1,0,0.4192,NA
blk338,4,200678,200678,1,0,0.4466,NA
blk339,4,203351,203351,1,0,0.2633,NA
blk340,4,215572,215572,1,0,0.0551,NA
blk341,4,218067,218067,1,0,0.1407,NA
blk342,4,222346,222346,1,0,0.4598,NA
blk343,4,222851,222851,1,0,0.2324,NA
blk344,4,235086,235086,1,0,0.3775,NA
blk345,4,239041,239041,1,0,0.3549,NA
blk346,4,245066,245066,1,0,0.3857,NA
blk347,4,252092,252092,1,0,0.277,NA
blk348,4,256660,256660,1,0,0.3724,NA
blk349,4,269543,269543,1,0,0.0784,NA
blk350,4,279007,279007,1,0,0.3538,NA
blk351,4,281973,281973,1,0,0.4404,NA
blk352,4,282683,282683,1,0,0.4854,NA
blk353,4,284366,284366,1,0,0.1923,NA
blk354,4,288999,288999,1,0,0.3939,NA
blk355,4,291092,291092,1,0,0.3198,NA
blk356,4,297162,297162,1,0,0.3619,NA
blk357,4,298357,298357,1,0,0.1962,NA
blk358,4,308626,308626,1,0,0.4722,NA
blk359,4,311249,311249,1,0,0.3004,NA
blk360,4,313352,313352,1,0,0.2241,NA
blk361,4,323078,323078,1,0,0.2228,NA
blk362,4,325743,325743,1,0,0.0742,NA
blk363,4,333947,333947,1,0,0.134,NA
blk364,4,337034,337034,1,0,0.3511,NA
blk365,4,337418,337418,1,0,0.3566,NA
blk366,4,338236,338236,1,0,0.2395,NA
blk367,4,344447,344447,1,0,0.3949,NA
blk368,4,345553,345553,1,0,0.3981,NA
blk369,4,363564,363564,1,0,0.2522,NA
blk370,4,364621,364621,1,0,0.2993,NA
blk371,4,374381,374381,1,0,0.0504,NA
blk372,4,375378,375378,1,0,0.343,NA
blk373,4,389121,389121,1,0,0.4561,NA
blk374,4,395605,395605,1,0,0.2432,NA
blk375,4,402388,402388,1,0,0.309,NA
blk376,4,413739,413739,1,0,0.4422,NA
blk377,4,433657,433657,1,0,0.3479,NA
blk378,4,437204,437204,1,0,0.3734,NA
blk379,4,438367,438367,1,0,0.1263,NA
blk380,4,438860,438860,1,0,0.4621,NA
blk381,4,439930,439930,1,0,0.0565,NA
blk382,4,440498,440551,2,53,0.222,NA
blk383,4,445220,445220,1,0,0.1033,NA
blk384,4,449420,449420,1,0,0.1054,NA
blk385,4,457020,457020,1,0,0.4634,NA
blk386,4,467809,467809,1,0,0.4364,NA
blk387,4,468953,468953,1,0,0.3427,NA
blk388,4,471716,471716,1,0,0.2681,NA
blk389,4,473287,473287,1,0,0.2016,NA
blk390,4,484202,484314,2,112,0.0903,NA
blk391,4,491003,491003,1,0,0.3372,NA
blk392,5,1235,1235,1,0,0.4648,NA
blk393,5,3583,3583,1,0,0.4843,NA
blk394,5,6629,6629,1,0,0.3816,NA
blk395,5,7399,7399,1,0,0.2478,NA
blk396,5,10022,10022,1,0,0.3921,NA
blk397,5,10360,10360,1,0,0.3011,NA
blk398,5,22856,22856,1,0,0.1039,NA
blk399,5,23619,23619,1,0,0.153,NA
blk400,5,45528,45528,1,0,0.4718,NA
blk401,5,49337,49337,1,0,0.4883,NA
blk402,5,53586,53586,1,0,0.1705,NA
blk403,5,53813,53813,1,0,0.2086,NA
blk404,5,57255,57255,1,0,0.3862,NA
blk405,5,58044,58044,1,0,0.0532,NA
blk406,5,67282,67282,1,0,0.0861,NA
blk407,5,68955,68955,1,0,0.2062,NA
blk408,5,70648,70648,1,0,0.2661,NA
blk409,5,75288,75288,1,0,0.2307,NA
blk410,5,77708,77708,1,0,0.1501,NA
blk411,5,78466,78466,1,0,0.4172,NA
blk412,5,79061,79061,1,0,0.0599,NA
blk413,5,86126,86126,1,0,0.3408,NA
blk414,5,90244,90244,1,0,0.4134,NA
blk415,5,90844,90844,1,0,0.3839,NA
blk416,5,95885,95885,1,0,0.242,NA
blk417,5,97758,97758,1,0,0.0603,NA
blk418,5,101883,101883,1,0,0.4932,NA
blk419,5,106237,106237,1,0,0.1102,NA
blk420,5,108187,108187,1,0,0.4773,NA
blk421,5,110580,110580,1,0,0.2127,NA
blk422,5,113715,113715,1,0,0.1296,NA
blk423,5,118599,118599,1,0,0.3443,NA
blk424,5,120008,120008,1,0,0.0752,NA
blk425,5,124368,124368,1,0,0.194,NA
blk426,5,128464,128464,1,0,0.4777,NA
blk427,5,132558,132558,1,0,0.2252,NA
blk428,5,134062,134062,1,0,0.4864,NA
blk429,5,135940,135940,1,0,0.1726,NA
blk430,5,136678,136678,1,0,0.4398,NA
blk431,5,138474,138474,1,0,0.184,NA
blk432,5,148095,148095,1,0,0.1939,NA
blk433,5,153535,153535,1,0,0.2425,NA
blk434,5,159138,159138,1,0,0.0923,NA
blk435,5,169230,169230,1,0,0.1838,NA
blk436,5,172666,172666,1,0,0.1607,NA
blk437,5,176424,176424,1,0,0.2496,NA
blk438,5,181571,181571,1,0,0.1512,NA
blk439,5,182182,182182,1,0,0.4564,NA
blk440,5,183981,183981,1,0,0.1097,NA
blk441,5,186801,186801,1,0,0.3202,NA
blk442,5,194344,194344,1,0,0.2352,NA
blk443,5,203651,203651,1,0,0.2742,NA
blk444,5,205321,205321,1,0,0.3756,NA
blk445,5,209579,209579,1,0,0.3869,NA
blk446,5,211256,211256,1,0,0.2062,NA
blk447,5,222107,222107,1,0,0.3109,NA
blk448,5,226232,226232,1,0,0.4803,NA
blk449,5,231285,231285,1,0,0.3176,NA
blk450,5,235280,235280,1,0,0.3379,NA
blk451,5,241854,241854,1,0,0.3339,NA
blk452,5,253600,253600,1,0,0.2327,NA
blk453,5,258964,258964,1,0,0.1362,NA
blk454,5,261958,261958,1,0,0.1005,NA
blk455,5,263900,263900,1,0,0.2137,NA
blk456,5,271398,271398,1,0,0.4134,NA
blk457,5,274386,274386,1,0,0.3547,NA
blk458,5,276456,276456,1,0,0.4912,NA
blk459,5,285313,285313,1,0,0.1597,NA
blk460,5,315199,315199,1,0,0.3767,NA
blk461,5,322819,322819,1,0,0.3571,NA
blk462,5,331098,331098,1,0,0.4581,NA
blk463,5,333272,333272,1,0,0.2018,NA
blk464,5,336881,336881,1,0,0.3364,NA
blk465,5,339458,339458,1,0,0.3616,NA
blk466,5,341445,341445,1,0,0.0878,NA
blk467,5,344172,344172,1,0,0.3439,NA
blk468,5,351738,351738,1,0,0.1477,NA
blk469,5,357920,357920,1,0,0.3131,NA
blk470,5,365701,365701,1,0,0.2038,NA
blk471,5,366717,366717,1,0,0.3566,NA
blk472,5,375763,375763,1,0,0.4227,NA
blk473,5,388216,388216,1,0,0.4569,NA
blk474,5,390294,390294,1,0,0.1707,NA
blk475,5,397881,397881,1,0,0.2982,NA
blk476,5,403220,403220,1,0,0.0771,NA
blk477,5,414505,414505,1,0,0.4806,NA
blk478,5,418240,418240,1,0,0.3816,NA
blk479,5,418862,418862,1,0,0.2996,NA
blk480,5,419455,419455,1,0,0.2399,NA
blk481,5,423643,423643,1,0,0.3944,NA
blk482,5,431993,431993,1,0,0.3948,NA
blk483,5,447099,447099,1,0,0.4385,NA
blk484,5,453261,453261,1,0,0.1861,NA
blk485,5,455320,455320,1,0,0.1734,NA
blk486,5,461208,461208,1,0,0.3721,NA
blk487,5,462806,462806,1,0,0.3289,NA
blk488,5,467973,467973,1,0,0.24,NA
blk489,5,477320,477320,1,0,0.15310000000000001,NA
blk490,5,486143,486143,1,0,0.2839,NA
blk491,5,495431,495431,1,0,0.387,NA
