block_id,chr,snp_index,snp_id,position
blk1,1,0,ssa01_1102_A_T,1102
blk2,1,1,ssa01_2906_G_C,2906
blk3,1,2,ssa01_6260_T_A,6260
blk4,1,3,ssa01_8360_C_G,8360
blk5,1,4,ssa01_9945_A_T,9945
blk6,1,5,ssa01_14609_G_C,14609
blk7,1,6,ssa01_26489_T_A,26489
blk8,1,7,ssa01_26850_C_G,26850
blk9,1,8,ssa01_30019_A_T,30019
blk10,1,9,ssa01_37077_G_C,37077
blk11,1,10,ssa01_47207_T_A,47207
blk12,1,11,ssa01_48480_C_G,48480
blk13,1,12,ssa01_51844_A_T,51844
blk14,1,13,ssa01_54558_G_C,54558
blk15,1,14,ssa01_55424_T_A,55424
blk16,1,15,ssa01_62412_C_G,62412
blk17,1,16,ssa01_62604_A_T,62604
blk18,1,17,ssa01_63040_G_C,63040
blk19,1,18,ssa01_64083_T_A,64083
blk20,1,19,ssa01_75361_C_G,75361
blk21,1,20,ssa01_75742_A_T,75742
blk22,1,21,ssa01_80767_G_C,80767
blk23,1,22,ssa01_83555_T_A,83555
blk24,1,23,ssa01_85393_C_G,85393
blk25,1,24,ssa01_87775_A_T,87775
blk26,1,25,ssa01_100555_G_C,100555
blk27,1,26,ssa01_101753_T_A,101753
blk28,1,27,ssa01_103257_C_G,103257
blk29,1,28,ssa01_103661_A_T,103661
blk30,1,29,ssa01_104535_G_C,104535
blk31,1,30,ssa01_107092_T_A,107092
blk32,1,31,ssa01_108848_C_G,108848
blk33,1,32,ssa01_113679_A_T,113679
blk34,1,33,ssa01_114463_G_C,114463
blk35,1,34,ssa01_141841_T_A,141841
blk36,1,35,ssa01_143295_C_G,143295
blk37,1,36,ssa01_152074_A_T,152074
blk38,1,37,ssa01_155380_G_C,155380
blk39,1,38,ssa01_158983_T_A,158983
blk40,1,39,ssa01_160630_C_G,160630
blk41,1,40,ssa01_161060_A_T,161060
blk42,1,41,ssa01_165771_G_C,165771
blk43,1,42,ssa01_186657_T_A,186657
blk44,1,43,ssa01_193504_C_G,193504
blk45,1,44,ssa01_203504_A_T,203504
blk46,1,45,ssa01_207956_G_C,207956
blk47,1,46,ssa01_220332_T_A,220332
blk48,1,47,ssa01_223492_C_G,223492
blk49,1,48,ssa01_227278_A_T,227278
blk50,1,49,ssa01_239549_G_C,239549
blk51,1,50,ssa01_242511_T_A,242511
blk52,1,51,ssa01_249033_C_G,249033
blk53,1,52,ssa01_249590_A_T,249590
blk54,1,53,ssa01_250761_G_C,250761
blk55,1,54,ssa01_251882_T_A,251882
blk56,1,55,ssa01_252448_C_G,252448
blk57,1,56,ssa01_263159_A_T,263159
blk58,1,57,ssa01_287752_G_C,287752
blk59,1,58,ssa01_296899_T_A,296899
blk60,1,59,ssa01_300083_C_G,300083
blk61,1,60,ssa01_302693_A_T,302693
blk62,1,61,ssa01_317469_G_C,317469
blk63,1,62,ssa01_317932_T_A,317932
blk64,1,63,ssa01_322502_C_G,322502
blk65,1,64,ssa01_324291_A_T,324291
blk66,1,65,ssa01_326229_G_C,326229
blk67,1,66,ssa01_327553_T_A,327553
blk68,1,67,ssa01_336379_C_G,336379
blk69,1,68,ssa01_337139_A_T,337139
blk70,1,69,ssa01_340447_G_C,340447
blk71,1,70,ssa01_340876_T_A,340876
blk72,1,71,ssa01_341097_C_G,341097
blk73,1,72,ssa01_341590_A_T,341590
blk74,1,73,ssa01_344444_G_C,344444
blk75,1,74,ssa01_345670_T_A,345670
blk76,1,75,ssa01_360097_C_G,360097
blk77,1,76,ssa01_360437_A_T,360437
blk78,1,77,ssa01_369257_G_C,369257
blk79,1,78,ssa01_377659_T_A,377659
blk80,1,79,ssa01_379079_C_G,379079
blk81,1,80,ssa01_379756_A_T,379756
blk82,1,81,ssa01_385213_G_C,385213
blk83,1,82,ssa01_392481_T_A,392481
blk84,1,83,ssa01_403306_C_G,403306
blk85,1,84,ssa01_410955_A_T,410955
blk86,1,85,ssa01_414994_G_C,414994
blk87,1,86,ssa01_427928_T_A,427928
blk88,1,87,ssa01_433033_C_G,433033
blk89,1,88,ssa01_435085_A_T,435085
blk90,1,89,ssa01_438791_G_C,438791
blk91,1,90,ssa01_441343_T_A,441343
blk92,1,91,ssa01_445603_C_G,445603
blk93,1,92,ssa01_459900_A_T,459900
blk94,1,93,ssa01_463233_G_C,463233
blk95,1,94,ssa01_467204_T_A,467204
blk96,1,95,ssa01_486744_C_G,486744
blk97,1,96,ssa01_491229_A_T,491229
blk98,1,97,ssa01_493641_G_C,493641
blk99,1,98,ssa01_498397_T_A,498397
blk100,1,99,ssa01_499845_C_G,499845
blk101,2,0,ssa02_2944_A_T,2944
blk102,2,1,ssa02_3131_G_C,3131
blk103,2,2,ssa02_9080_T_A,9080
blk104,2,3,ssa02_12248_C_G,12248
blk105,2,4,ssa02_13349_A_T,13349
blk106,2,5,ssa02_17100_G_C,17100
blk107,2,6,ssa02_19869_T_A,19869
blk108,2,7,ssa02_21117_C_G,21117
blk109,2,8,ssa02_24578_A_T,24578
blk110,2,9,ssa02_30135_G_C,30135
blk111,2,10,ssa02_35392_T_A,35392
blk112,2,11,ssa02_37794_C_G,37794
blk113,2,12,ssa02_38770_A_T,38770
blk114,2,13,ssa02_43762_G_C,43762
blk115,2,14,ssa02_56181_T_A,56181
blk116,2,15,ssa02_61988_C_G,61988
blk117,2,16,ssa02_62285_A_T,62285
blk118,2,17,ssa02_62640_G_C,62640
blk119,2,18,ssa02_62979_T_A,62979
blk120,2,19,ssa02_67686_C_G,67686
blk121,2,20,ssa02_75398_A_T,75398
blk122,2,21,ssa02_77742_G_C,77742
blk123,2,22,ssa02_84894_T_A,84894
blk124,2,23,ssa02_87307_C_G,87307
blk125,2,24,ssa02_92702_A_T,92702
blk126,2,25,ssa02_94151_G_C,94151
blk127,2,26,ssa02_97343_T_A,97343
blk127,2,27,ssa02_97370_C_G,97370
blk128,2,28,ssa02_97712_A_T,97712
blk129,2,29,ssa02_98017_G_C,98017
blk130,2,30,ssa02_104648_T_A,104648
blk131,2,31,ssa02_109126_C_G,109126
blk132,2,32,ssa02_121504_A_T,121504
blk133,2,33,ssa02_126177_G_C,126177
blk134,2,34,ssa02_127165_T_A,127165
blk135,2,35,ssa02_130717_C_G,130717
blk136,2,36,ssa02_132227_A_T,132227
blk137,2,37,ssa02_137713_G_C,137713
blk138,2,38,ssa02_142493_T_A,142493
blk139,2,39,ssa02_145925_C_G,145925
blk140,2,40,ssa02_153176_A_T,153176
blk141,2,41,ssa02_157878_G_C,157878
blk142,2,42,ssa02_164233_T_A,164233
blk143,2,43,ssa02_179381_C_G,179381
blk144,2,44,ssa02_180025_A_T,180025
blk145,2,45,ssa02_189083_G_C,189083
blk146,2,46,ssa02_191509_T_A,191509
blk147,2,47,ssa02_196291_C_G,196291
blk148,2,48,ssa02_203491_A_T,203491
blk149,2,49,ssa02_206504_G_C,206504
blk150,2,50,ssa02_207410_T_A,207410
blk151,2,51,ssa02_208397_C_G,208397
blk152,2,52,ssa02_209761_A_T,209761
blk153,2,53,ssa02_214972_G_C,214972
blk154,2,54,ssa02_216758_T_A,216758
blk155,2,55,ssa02_220765_C_G,220765
blk156,2,56,ssa02_222898_A_T,222898
blk157,2,57,ssa02_224070_G_C,224070
blk158,2,58,ssa02_229195_T_A,229195
blk159,2,59,ssa02_260764_C_G,260764
blk160,2,60,ssa02_269102_A_T,269102
blk161,2,61,ssa02_270253_G_C,270253
blk162,2,62,ssa02_278185_T_A,278185
blk163,2,63,ssa02_281481_C_G,281481
blk164,2,64,ssa02_287254_A_T,287254
blk165,2,65,ssa02_288470_G_C,288470
blk166,2,66,ssa02_297926_T_A,297926
blk167,2,67,ssa02_301323_C_G,301323
blk168,2,68,ssa02_303707_A_T,303707
blk169,2,69,ssa02_314612_G_C,314612
blk170,2,70,ssa02_321649_T_A,321649
blk171,2,71,ssa02_326154_C_G,326154
blk172,2,72,ssa02_326483_A_T,326483
blk173,2,73,ssa02_328076_G_C,328076
blk174,2,74,ssa02_331372_T_A,331372
blk175,2,75,ssa02_334779_C_G,334779
blk176,2,76,ssa02_335522_A_T,335522
blk177,2,77,ssa02_339090_G_C,339090
blk178,2,78,ssa02_350143_T_A,350143
blk179,2,79,ssa02_350746_C_G,350746
blk180,2,80,ssa02_353147_A_T,353147
blk181,2,81,ssa02_381027_G_C,381027
blk182,2,82,ssa02_382453_T_A,382453
blk183,2,83,ssa02_395440_C_G,395440
blk184,2,84,ssa02_399170_A_T,399170
blk185,2,85,ssa02_429592_G_C,429592
blk186,2,86,ssa02_433732_T_A,433732
blk187,2,87,ssa02_437025_C_G,437025
blk188,2,88,ssa02_446932_A_T,446932
blk189,2,89,ssa02_447861_G_C,447861
blk190,2,90,ssa02_448592_T_A,448592
blk191,2,91,ssa02_455197_C_G,455197
blk192,2,92,ssa02_456574_A_T,456574
blk193,2,93,ssa02_458615_G_C,458615
blk194,2,94,ssa02_463021_T_A,463021
blk195,2,95,ssa02_463746_C_G,463746
blk196,2,96,ssa02_466829_A_T,466829
blk197,2,97,ssa02_473190_G_C,473190
blk198,2,98,ssa02_487196_T_A,487196
blk199,2,99,ssa02_493387_C_G,493387
blk200,3,0,ssa03_1026_A_T,1026
blk200,3,1,ssa03_1093_G_C,1093
blk201,3,2,ssa03_9323_T_A,9323
blk202,3,3,ssa03_13369_C_G,13369
blk203,3,4,ssa03_14479_A_T,14479
blk204,3,5,ssa03_14971_G_C,14971
blk205,3,6,ssa03_20997_T_A,20997
blk205,3,7,ssa03_21114_C_G,21114
blk206,3,8,ssa03_22928_A_T,22928
blk207,3,9,ssa03_31062_G_C,31062
blk208,3,10,ssa03_31517_T_A,31517
blk209,3,11,ssa03_35302_C_G,35302
blk210,3,12,ssa03_59551_A_T,59551
blk211,3,13,ssa03_61261_G_C,61261
blk212,3,14,ssa03_62162_T_A,62162
blk213,3,15,ssa03_64002_C_G,64002
blk214,3,16,ssa03_68686_A_T,68686
blk215,3,17,ssa03_72766_G_C,72766
blk216,3,18,ssa03_81411_T_A,81411
blk217,3,19,ssa03_83029_C_G,83029
blk218,3,20,ssa03_83992_A_T,83992
blk219,3,21,ssa03_86550_G_C,86550
blk220,3,22,ssa03_87496_T_A,87496
blk221,3,23,ssa03_89395_C_G,89395
blk222,3,24,ssa03_92544_A_T,92544
blk223,3,25,ssa03_96036_G_C,96036
blk224,3,26,ssa03_98402_T_A,98402
blk225,3,27,ssa03_102286_C_G,102286
blk226,3,28,ssa03_104353_A_T,104353
blk227,3,29,ssa03_108087_G_C,108087
blk228,3,30,ssa03_108478_T_A,108478
blk229,3,31,ssa03_118039_C_G,118039
blk230,3,32,ssa03_119470_A_T,119470
blk231,3,33,ssa03_119693_G_C,119693
blk232,3,34,ssa03_128908_T_A,128908
blk233,3,35,ssa03_131809_C_G,131809
blk234,3,36,ssa03_136131_A_T,136131
blk235,3,37,ssa03_141677_G_C,141677
blk236,3,38,ssa03_143680_T_A,143680
blk237,3,39,ssa03_163569_C_G,163569
blk238,3,40,ssa03_163720_A_T,163720
blk239,3,41,ssa03_177314_G_C,177314
blk240,3,42,ssa03_181830_T_A,181830
blk241,3,43,ssa03_186708_C_G,186708
blk242,3,44,ssa03_188565_A_T,188565
blk243,3,45,ssa03_191450_G_C,191450
blk244,3,46,ssa03_202385_T_A,202385
blk245,3,47,ssa03_206272_C_G,206272
blk246,3,48,ssa03_206620_A_T,206620
blk247,3,49,ssa03_207624_G_C,207624
blk248,3,50,ssa03_208351_T_A,208351
blk249,3,51,ssa03_219884_C_G,219884
blk250,3,52,ssa03_220663_A_T,220663
blk251,3,53,ssa03_224890_G_C,224890
blk252,3,54,ssa03_228930_T_A,228930
blk253,3,55,ssa03_232416_C_G,232416
blk254,3,56,ssa03_234998_A_T,234998
blk255,3,57,ssa03_235517_G_C,235517
blk256,3,58,ssa03_240817_T_A,240817
blk257,3,59,ssa03_248258_C_G,248258
blk258,3,60,ssa03_250791_A_T,250791
blk259,3,61,ssa03_253650_G_C,253650
blk260,3,62,ssa03_267079_T_A,267079
blk261,3,63,ssa03_267886_C_G,267886
blk262,3,64,ssa03_268641_A_T,268641
blk263,3,65,ssa03_269229_G_C,269229
blk264,3,66,ssa03_278161_T_A,278161
blk265,3,67,ssa03_280610_C_G,280610
blk266,3,68,ssa03_281301_A_T,281301
blk267,3,69,ssa03_285494_G_C,285494
blk268,3,70,ssa03_293529_T_A,293529
blk269,3,71,ssa03_314123_C_G,314123
blk270,3,72,ssa03_323469_A_T,323469
blk271,3,73,ssa03_328229_G_C,328229
blk272,3,74,ssa03_329757_T_A,329757
blk273,3,75,ssa03_330432_C_G,330432
blk274,3,76,ssa03_331867_A_T,331867
blk275,3,77,ssa03_333860_G_C,333860
blk276,3,78,ssa03_340117_T_A,340117
blk277,3,79,ssa03_340691_C_G,340691
blk278,3,80,ssa03_348593_A_T,348593
blk279,3,81,ssa03_360317_G_C,360317
blk279,3,82,ssa03_360410_T_A,360410
blk280,3,83,ssa03_371067_C_G,371067
blk281,3,84,ssa03_375528_A_T,375528
blk282,3,85,ssa03_379047_G_C,379047
blk283,3,86,ssa03_396759_T_A,396759
blk284,3,87,ssa03_407581_C_G,407581
blk285,3,88,ssa03_408953_A_T,408953
blk286,3,89,ssa03_410504_G_C,410504
blk287,3,90,ssa03_410796_T_A,410796
blk288,3,91,ssa03_427911_C_G,427911
blk289,3,92,ssa03_436516_A_T,436516
blk290,3,93,ssa03_438293_G_C,438293
blk291,3,94,ssa03_443986_T_A,443986
blk292,3,95,ssa03_449642_C_G,449642
blk293,3,96,ssa03_454596_A_T,454596
blk294,3,97,ssa03_472806_G_C,472806
blk295,3,98,ssa03_478283_T_A,478283
blk296,3,99,ssa03_494135_C_G,494135
blk297,4,0,ssa04_5615_A_T,5615
blk298,4,1,ssa04_19103_G_C,19103
blk299,4,2,ssa04_41327_T_A,41327
blk300,4,3,ssa04_47293_C_G,47293
blk301,4,4,ssa04_54423_A_T,54423
blk302,4,5,ssa04_55012_G_C,55012
blk303,4,6,ssa04_57313_T_A,57313
blk304,4,7,ssa04_62900_C_G,62900
blk304,4,8,ssa04_62961_A_T,62961
blk305,4,9,ssa04_63385_G_C,63385
blk306,4,10,ssa04_63580_T_A,63580
blk307,4,11,ssa04_70835_C_G,70835
blk308,4,12,ssa04_73104_A_T,73104
blk309,4,13,ssa04_74126_G_C,74126
blk310,4,14,ssa04_76239_T_A,76239
blk311,4,15,ssa04_77043_C_G,77043
blk312,4,16,ssa04_79512_A_T,79512
blk313,4,17,ssa04_89746_G_C,89746
blk314,4,18,ssa04_93302_T_A,93302
blk314,4,19,ssa04_93425_C_G,93425
blk315,4,20,ssa04_97630_A_T,97630
blk316,4,21,ssa04_98046_G_C,98046
blk317,4,22,ssa04_99545_T_A,99545
blk317,4,23,ssa04_99634_C_G,99634
blk318,4,24,ssa04_110670_A_T,110670
blk319,4,25,ssa04_113370_G_C,113370
blk320,4,26,ssa04_117709_T_A,117709
blk321,4,27,ssa04_120534_C_G,120534
blk322,4,28,ssa04_126870_A_T,126870
blk323,4,29,ssa04_132660_G_C,132660
blk324,4,30,ssa04_146785_T_A,146785
blk325,4,31,ssa04_159823_C_G,159823
blk326,4,32,ssa04_160884_A_T,160884
blk327,4,33,ssa04_161955_G_C,161955
blk328,4,34,ssa04_167561_T_A,167561
blk329,4,35,ssa04_169687_C_G,169687
blk330,4,36,ssa04_170481_A_T,170481
blk331,4,37,ssa04_172495_G_C,172495
blk332,4,38,ssa04_179070_T_A,179070
blk333,4,39,ssa04_189553_C_G,189553
blk334,4,40,ssa04_191069_A_T,191069
blk335,4,41,ssa04_192490_G_C,192490
blk336,4,42,ssa04_195172_T_A,195172
blk337,4,43,ssa04_198329_C_G,198329
blk338,4,44,ssa04_200678_A_T,200678
blk339,4,45,ssa04_203351_G_C,203351
blk340,4,46,ssa04_215572_T_A,215572
blk341,4,47,ssa04_218067_C_G,218067
blk342,4,48,ssa04_222346_A_T,222346
blk343,4,49,ssa04_222851_G_C,222851
blk344,4,50,ssa04_235086_T_A,235086
blk345,4,51,ssa04_239041_C_G,239041
blk346,4,52,ssa04_245066_A_T,245066
blk347,4,53,ssa04_252092_G_C,252092
blk348,4,54,ssa04_256660_T_A,256660
blk349,4,55,ssa04_269543_C_G,269543
blk350,4,56,ssa04_279007_A_T,279007
blk351,4,57,ssa04_281973_G_C,281973
blk352,4,58,ssa04_282683_T_A,282683
blk353,4,59,ssa04_284366_C_G,284366
blk354,4,60,ssa04_288999_A_T,288999
blk355,4,61,ssa04_291092_G_C,291092
blk356,4,62,ssa04_297162_T_A,297162
blk357,4,63,ssa04_298357_C_G,298357
blk358,4,64,ssa04_308626_A_T,308626
blk359,4,65,ssa04_311249_G_C,311249
blk360,4,66,ssa04_313352_T_A,313352
blk361,4,67,ssa04_323078_C_G,323078
blk362,4,68,ssa04_325743_A_T,325743
blk363,4,69,ssa04_333947_G_C,333947
blk364,4,70,ssa04_337034_T_A,337034
blk365,4,71,ssa04_337418_C_G,337418
blk366,4,72,ssa04_338236_A_T,338236
blk367,4,73,ssa04_344447_G_C,344447
blk368,4,74,ssa04_345553_T_A,345553
blk369,4,75,ssa04_363564_C_G,363564
blk370,4,76,ssa04_364621_A_T,364621
blk371,4,77,ssa04_374381_G_C,374381
blk372,4,78,ssa04_375378_T_A,375378
blk373,4,79,ssa04_389121_C_G,389121
blk374,4,80,ssa04_395605_A_T,395605
blk375,4,81,ssa04_402388_G_C,402388
blk376,4,82,ssa04_413739_T_A,413739
blk377,4,83,ssa04_433657_C_G,433657
blk378,4,84,ssa04_437204_A_T,437204
blk379,4,85,ssa04_438367_G_C,438367
blk380,4,86,ssa04_438860_T_A,438860
blk381,4,87,ssa04_439930_C_G,439930
blk382,4,88,ssa04_440498_A_T,440498
blk382,4,89,ssa04_440551_G_C,440551
blk383,4,90,ssa04_445220_T_A,445220
blk384,4,91,ssa04_449420_C_G,449420
blk385,4,92,ssa04_457020_A_T,457020
blk386,4,93,ssa04_467809_G_C,467809
blk387,4,94,ssa04_468953_T_A,468953
blk388,4,95,ssa04_471716_C_G,471716
blk389,4,96,ssa04_473287_A_T,473287
blk390,4,97,ssa04_484202_G_C,484202
blk390,4,98,ssa04_484314_T_A,484314
blk391,4,99,ssa04_491003_C_G,491003
blk392,5,0,ssa05_1235_A_T,1235
blk393,5,1,ssa05_3583_G_C,3583
blk394,5,2,ssa05_6629_T_A,6629
blk395,5,3,ssa05_7399_C_G,7399
blk396,5,4,ssa05_10022_A_T,10022
blk397,5,5,ssa05_10360_G_C,10360
blk398,5,6,ssa05_22856_T_A,22856
blk399,5,7,ssa05_23619_C_G,23619
blk400,5,8,ssa05_45528_A_T,45528
blk401,5,9,ssa05_49337_G_C,49337
blk402,5,10,ssa05_53586_T_A,53586
blk403,5,11,ssa05_53813_C_G,53813
blk404,5,12,ssa05_57255_A_T,57255
blk405,5,13,ssa05_58044_G_C,58044
blk406,5,14,ssa05_67282_T_A,67282
blk407,5,15,ssa05_68955_C_G,68955
blk408,5,16,ssa05_70648_A_T,70648
blk409,5,17,ssa05_75288_G_C,75288
blk410,5,18,ssa05_77708_T_A,77708
blk411,5,19,ssa05_78466_C_G,78466
blk412,5,20,ssa05_79061_A_T,79061
blk413,5,21,ssa05_86126_G_C,86126
blk414,5,22,ssa05_90244_T_A,90244
blk415,5,23,ssa05_90844_C_G,90844
blk416,5,24,ssa05_95885_A_T,95885
blk417,5,25,ssa05_97758_G_C,97758
blk418,5,26,ssa05_101883_T_A,101883
blk419,5,27,ssa05_106237_C_G,106237
blk420,5,28,ssa05_108187_A_T,108187
blk421,5,29,ssa05_110580_G_C,110580
blk422,5,30,ssa05_113715_T_A,113715
blk423,5,31,ssa05_118599_C_G,118599
blk424,5,32,ssa05_120008_A_T,120008
blk425,5,33,ssa05_124368_G_C,124368
blk426,5,34,ssa05_128464_T_A,128464
blk427,5,35,ssa05_132558_C_G,132558
blk428,5,36,ssa05_134062_A_T,134062
blk429,5,37,ssa05_135940_G_C,135940
blk430,5,38,ssa05_136678_T_A,136678
blk431,5,39,ssa05_138474_C_G,138474
blk432,5,40,ssa05_148095_A_T,148095
blk433,5,41,ssa05_153535_G_C,153535
blk434,5,42,ssa05_159138_T_A,159138
blk435,5,43,ssa05_169230_C_G,169230
blk436,5,44,ssa05_172666_A_T,172666
blk437,5,45,ssa05_176424_G_C,176424
blk438,5,46,ssa05_181571_T_A,181571
blk439,5,47,ssa05_182182_C_G,182182
blk440,5,48,ssa05_183981_A_T,183981
blk441,5,49,ssa05_186801_G_C,186801
blk442,5,50,ssa05_194344_T_A,194344
blk443,5,51,ssa05_203651_C_G,203651
blk444,5,52,ssa05_205321_A_T,205321
blk445,5,53,ssa05_209579_G_C,209579
blk446,5,54,ssa05_211256_T_A,211256
blk447,5,55,ssa05_222107_C_G,222107
blk448,5,56,ssa05_226232_A_T,226232
blk449,5,57,ssa05_231285_G_C,231285
blk450,5,58,ssa05_235280_T_A,235280
blk451,5,59,ssa05_241854_C_G,241854
blk452,5,60,ssa05_253600_A_T,253600
blk453,5,61,ssa05_258964_G_C,258964
blk454,5,62,ssa05_261958_T_A,261958
blk455,5,63,ssa05_263900_C_G,263900
blk456,5,64,ssa05_271398_A_T,271398
blk457,5,65,ssa05_274386_G_C,274386
blk458,5,66,ssa05_276456_T_A,276456
blk459,5,67,ssa05_285313_C_G,285313
blk460,5,68,ssa05_315199_A_T,315199
blk461,5,69,ssa05_322819_G_C,322819
blk462,5,70,ssa05_331098_T_A,331098
blk463,5,71,ssa05_333272_C_G,333272
blk464,5,72,ssa05_336881_A_T,336881
blk465,5,73,ssa05_339458_G_C,339458
blk466,5,74,ssa05_341445_T_A,341445
blk467,5,75,ssa05_344172_C_G,344172
blk468,5,76,ssa05_351738_A_T,351738
blk469,5,77,ssa05_357920_G_C,357920
blk470,5,78,ssa05_365701_T_A,365701
blk471,5,79,ssa05_366717_C_G,366717
blk472,5,80,ssa05_375763_A_T,375763
blk473,5,81,ssa05_388216_G_C,388216
blk474,5,82,ssa05_390294_T_A,390294
blk475,5,83,ssa05_397881_C_G,397881
blk476,5,84,ssa05_403220_A_T,403220
blk477,5,85,ssa05_414505_G_C,414505
blk478,5,86,ssa05_418240_T_A,418240
blk479,5,87,ssa05_418862_C_G,418862
blk480,5,88,ssa05_419455_A_T,419455
blk481,5,89,ssa05_423643_G_C,423643
blk482,5,90,ssa05_431993_T_A,431993
blk483,5,91,ssa05_447099_C_G,447099
blk484,5,92,ssa05_453261_A_T,453261
blk485,5,93,ssa05_455320_G_C,455320
blk486,5,94,ssa05_461208_T_A,461208
blk487,5,95,ssa05_462806_C_G,462806
blk488,5,96,ssa05_467973_A_T,467973
blk489,5,97,ssa05_477320_G_C,477320
blk490,5,98,ssa05_486143_T_A,486143
blk491,5,99,ssa05_495431_C_G,495431
