"id","SNP001","SNP002","SNP003","SNP004","SNP005","SNP006","SNP007","SNP008","SNP009","SNP010","SNP011","SNP012","SNP013","SNP014","SNP015","SNP016","SNP017","SNP018","SNP019","SNP020","SNP021","SNP022","SNP023","SNP024","SNP025","SNP026","SNP027","SNP028","SNP029","SNP030","SNP031","SNP032","SNP033","SNP034","SNP035","SNP036","SNP037","SNP038","SNP039","SNP040","SNP041","SNP042","SNP043","SNP044","SNP045","SNP046","SNP047","SNP048","SNP049","SNP050"
"IND001",2,2,2,2,0,1,1,0,0,1,0,2,2,0,0,1,2,0,1,0,1,0,0,1,1,1,1,1,0,1,1,0,0,0,0,1,0,0,1,0,1,0,0,2,0,1,2,2,2,0
"IND002",1,1,1,1,0,1,1,1,0,0,0,0,2,0,0,0,1,1,1,1,1,0,0,1,1,1,1,1,0,2,1,1,1,0,0,0,0,0,2,0,0,0,0,1,1,1,2,2,2,1
"IND003",0,1,2,1,0,1,1,0,0,1,0,1,2,0,0,1,2,0,1,1,1,0,0,1,2,0,0,0,0,1,1,1,1,0,0,1,0,1,1,0,2,0,0,2,1,1,2,2,2,0
"IND004",1,2,1,2,0,1,1,0,0,1,0,2,2,0,0,0,1,1,1,0,1,0,0,1,1,1,1,0,0,2,1,1,1,0,0,1,0,0,2,0,1,0,0,1,0,1,2,1,2,0
"IND005",0,1,1,1,0,0,0,0,1,1,0,1,2,0,0,0,2,1,1,0,2,0,0,1,1,1,0,0,0,1,1,1,0,0,0,1,0,1,1,0,1,0,0,1,0,1,2,2,2,1
"IND006",1,2,0,1,0,1,0,0,1,1,0,1,2,0,0,1,1,1,1,0,1,0,0,1,1,1,0,0,0,2,1,1,0,0,0,0,0,1,0,0,0,0,0,2,0,1,2,2,2,0
"IND007",0,1,1,1,0,1,1,0,0,1,0,1,2,0,0,0,2,0,1,0,1,0,0,1,1,0,0,0,0,1,1,1,1,0,0,0,0,0,1,0,2,0,0,2,0,1,2,2,2,1
"IND008",1,1,1,2,0,1,0,1,1,0,0,1,2,0,0,0,1,2,1,1,1,0,0,1,1,0,1,1,0,1,2,0,0,0,0,0,0,0,2,0,2,0,0,2,0,1,2,2,2,1
"IND009",2,2,1,2,0,0,1,0,0,0,0,1,2,0,0,1,2,1,1,0,2,0,0,1,2,1,0,0,0,2,1,0,1,0,0,2,0,0,1,0,2,0,0,2,0,1,2,1,2,0
"IND010",1,1,1,2,0,0,1,0,1,0,0,1,2,0,0,1,1,0,1,0,2,0,0,1,1,1,0,0,0,1,2,0,1,0,0,0,0,0,1,0,0,0,0,2,1,1,2,1,2,0
"IND011",0,1,0,1,1,0,2,0,0,0,0,1,0,0,0,2,1,1,1,1,2,0,1,0,0,1,1,1,0,1,1,1,0,2,0,1,0,2,2,2,0,1,0,2,1,2,2,0,1,0
"IND012",1,1,0,1,0,1,2,0,0,1,0,1,0,1,0,2,1,1,1,2,2,0,2,0,0,0,1,1,0,1,2,1,1,2,1,2,0,2,1,0,1,0,0,1,1,1,1,1,0,0
"IND013",0,1,0,1,0,1,2,0,0,0,0,1,0,2,0,2,1,1,0,1,2,0,2,0,0,1,1,1,0,1,1,1,1,2,0,2,1,2,1,1,2,1,0,1,1,2,2,0,1,0
"IND014",0,0,0,1,0,0,1,0,0,0,0,1,0,1,0,2,1,0,0,2,2,0,1,0,0,0,0,1,0,1,1,2,1,2,1,2,1,1,1,1,0,1,0,1,1,1,2,1,1,0
"IND015",0,0,0,1,0,1,0,0,0,1,0,1,0,0,0,2,1,0,0,1,2,0,1,0,0,1,1,1,0,1,2,0,1,2,0,2,0,1,1,1,0,0,0,2,1,1,2,1,1,0
"IND016",1,0,0,1,1,1,1,0,0,0,0,1,1,0,0,2,1,0,1,1,2,0,2,0,0,1,1,1,0,1,1,1,1,2,1,1,0,1,1,1,2,1,0,1,1,1,1,0,0,0
"IND017",0,0,0,1,0,1,0,0,0,1,0,1,1,1,0,2,1,1,0,1,2,1,2,0,0,2,0,1,0,1,2,1,1,2,1,1,1,1,2,1,2,0,0,1,1,1,1,1,1,0
"IND018",1,1,0,1,1,1,0,0,0,0,0,1,1,2,0,2,1,1,1,0,2,1,1,0,0,1,1,1,0,1,2,1,0,2,1,2,0,2,2,1,1,1,0,0,1,1,1,0,1,0
"IND019",1,1,0,0,0,0,2,0,0,0,0,1,0,2,0,2,1,0,0,1,2,1,2,0,0,1,0,1,0,1,1,1,1,2,0,1,0,1,2,2,1,0,0,1,0,2,2,1,0,0
"IND020",0,0,0,0,0,1,2,0,0,1,0,1,1,2,0,2,1,0,1,2,2,1,2,0,0,1,0,1,0,1,1,1,1,1,0,2,1,2,2,1,1,1,0,2,1,1,2,1,0,0
"IND021",1,1,0,1,0,0,0,0,1,1,1,1,1,1,0,1,1,1,0,0,0,1,1,2,0,0,0,0,0,1,0,0,1,1,1,1,0,0,0,0,0,1,1,1,0,2,1,0,1,0
"IND022",1,1,0,1,0,0,0,0,1,0,1,1,0,1,0,0,1,1,0,0,1,1,1,1,0,0,1,2,0,2,1,0,0,1,1,0,0,0,1,1,0,1,1,2,0,2,1,1,1,0
"IND023",0,1,0,0,0,0,0,0,0,1,1,1,0,1,0,0,0,0,0,0,1,1,1,1,0,0,0,1,0,2,0,0,1,0,1,0,0,0,2,0,0,0,1,2,0,0,2,0,1,0
"IND024",0,1,0,1,0,0,0,0,1,0,1,0,0,0,0,1,0,1,0,0,1,1,0,1,0,0,1,1,0,1,0,0,1,1,1,2,0,0,1,1,0,1,1,1,0,1,1,1,0,0
"IND025",1,1,0,0,0,0,0,0,1,1,1,0,2,0,0,1,1,0,0,0,0,1,1,2,0,0,1,2,1,1,1,0,0,0,1,0,0,0,0,1,0,1,2,2,0,2,1,0,1,0
"IND026",1,1,0,0,0,0,0,0,1,1,1,0,1,0,0,1,1,0,0,0,1,1,1,1,0,0,2,1,0,1,1,1,0,1,2,1,0,0,1,1,0,0,1,1,0,1,1,1,0,0
"IND027",1,1,0,1,0,0,0,0,0,1,1,0,1,0,0,2,0,0,0,0,0,1,0,1,0,0,1,2,0,1,0,1,1,0,1,1,0,0,1,1,0,0,0,2,0,2,2,1,2,0
"IND028",1,1,0,0,0,0,0,0,2,0,1,2,1,1,0,1,1,0,0,0,0,1,0,1,0,0,1,1,0,1,1,1,1,1,1,1,0,0,1,1,0,0,1,1,0,1,1,1,1,0
"IND029",0,1,0,1,0,0,0,0,0,1,2,0,0,1,0,1,1,0,0,0,0,1,0,2,0,0,1,1,0,0,1,1,0,1,2,2,0,0,0,0,0,0,1,1,0,1,1,0,0,0
"IND030",0,1,0,1,0,0,0,0,0,1,1,1,1,0,0,0,0,1,0,0,0,1,0,1,0,0,1,0,0,1,0,0,0,0,1,1,0,0,1,0,0,0,2,1,0,1,1,0,1,0
"IND031",2,1,0,0,0,1,0,1,0,1,1,0,1,1,1,2,1,1,0,0,1,0,1,2,0,1,1,0,1,1,0,2,1,0,0,1,0,0,0,0,1,1,0,1,1,1,1,2,1,1
"IND032",1,1,0,0,1,1,0,0,0,1,1,0,0,1,2,1,2,1,0,0,1,0,2,2,0,1,0,1,0,1,0,1,0,0,0,1,0,0,0,1,0,1,0,2,0,1,1,2,1,1
"IND033",1,0,0,0,1,0,0,1,0,2,0,0,1,1,0,1,2,1,0,0,1,1,2,2,0,1,0,1,1,1,0,2,0,0,0,0,0,0,0,0,1,1,0,2,1,1,0,1,1,0
"IND034",1,1,0,0,1,2,0,0,0,1,0,1,1,0,1,2,1,1,0,0,1,0,1,2,0,1,0,1,0,1,0,2,1,0,0,0,1,0,0,1,0,1,0,1,1,1,1,2,1,0
"IND035",2,1,1,0,0,1,0,0,0,2,1,1,1,0,1,1,1,1,0,0,1,0,2,2,0,1,0,2,0,1,0,0,1,0,0,0,1,0,0,1,1,1,0,1,0,1,1,2,1,0
"IND036",1,0,1,0,1,1,0,0,0,2,0,1,1,0,1,1,1,1,0,0,1,1,1,2,0,1,1,0,0,1,0,0,0,0,0,0,0,0,0,0,0,0,0,2,1,2,1,1,1,1
"IND037",1,2,1,0,0,1,0,1,0,1,1,0,1,0,1,2,2,1,0,0,1,1,1,2,0,1,1,0,1,1,0,0,1,0,0,0,0,0,0,0,0,0,0,1,1,1,0,1,1,1
"IND038",1,1,1,0,1,1,0,1,0,2,1,1,1,1,2,1,2,1,0,0,1,1,1,2,0,1,1,2,0,1,0,1,0,0,0,1,1,0,0,0,1,1,0,2,1,1,0,1,1,0
"IND039",1,0,1,0,0,2,0,1,0,2,0,1,0,1,0,2,1,1,0,0,1,1,2,2,0,1,1,1,1,1,0,2,1,0,0,0,0,0,0,1,0,1,0,2,1,2,0,2,1,2
"IND040",1,2,1,0,0,1,0,1,0,1,1,1,1,0,1,1,1,1,0,0,1,0,1,2,0,1,0,1,1,1,0,1,0,0,0,1,1,0,0,1,1,1,0,1,1,1,0,2,1,1
"IND041",1,2,1,0,1,0,0,0,2,0,1,0,0,1,1,0,1,0,0,1,2,0,1,0,0,0,1,0,2,1,1,1,0,0,0,1,0,0,2,1,0,0,1,1,1,2,1,2,1,2
"IND042",2,2,1,0,0,0,1,0,1,1,0,0,0,0,0,0,1,0,1,1,1,0,1,0,0,1,0,0,1,2,2,1,0,0,0,1,1,0,2,1,0,0,1,1,1,2,1,2,2,2
"IND043",1,2,1,0,0,0,0,0,2,0,0,1,0,1,1,0,0,0,0,0,1,0,1,0,0,1,0,0,1,2,0,0,0,1,0,1,1,0,1,2,0,0,1,1,1,2,1,1,2,2
"IND044",1,2,1,0,0,0,1,0,2,1,1,0,1,1,1,0,0,0,1,0,0,0,1,0,0,0,1,0,2,1,1,1,1,1,0,0,1,0,2,1,0,0,1,1,0,1,1,1,1,1
"IND045",0,2,1,0,0,1,1,0,1,1,0,0,1,0,1,0,1,1,0,1,2,0,1,0,0,1,0,0,1,1,0,0,0,0,0,0,1,0,2,1,0,0,1,0,1,2,1,1,1,1
"IND046",0,2,0,0,1,0,0,0,1,1,1,0,1,0,0,0,0,1,1,1,2,0,1,0,0,0,0,0,1,1,1,1,0,0,0,0,0,0,2,2,0,0,1,0,0,1,0,1,1,0
"IND047",2,2,0,0,1,0,0,0,1,1,0,0,0,1,1,0,1,0,0,1,1,0,1,0,0,0,1,0,1,1,0,0,1,1,0,0,1,0,2,2,0,0,1,2,0,2,0,1,2,2
"IND048",0,2,1,0,1,0,0,0,2,0,1,0,0,0,0,0,0,1,1,1,2,0,1,0,0,1,1,0,2,1,1,1,0,1,0,0,0,0,1,2,0,0,1,2,1,2,1,2,1,0
"IND049",1,2,0,1,0,0,0,0,2,0,0,0,0,1,1,0,1,1,1,1,1,0,1,0,0,1,0,0,2,1,0,1,1,1,0,0,0,0,1,2,0,0,1,1,0,1,1,1,1,2
"IND050",2,2,0,1,1,0,1,0,2,1,0,0,0,0,1,0,1,1,0,0,0,0,1,0,0,1,1,0,1,1,1,1,0,1,0,0,0,0,1,1,0,0,1,0,1,2,0,2,2,2
"IND051",1,1,0,1,1,0,1,0,1,0,0,2,1,0,1,2,2,0,0,0,2,2,1,0,0,1,1,1,1,0,1,0,0,0,1,1,0,1,1,1,0,0,1,0,0,1,1,0,0,1
"IND052",2,1,1,0,2,1,2,0,1,0,0,1,0,0,1,0,2,0,0,0,0,1,1,0,0,1,0,1,2,1,1,2,0,0,0,1,0,1,1,1,0,0,0,0,0,2,1,0,1,2
"IND053",1,2,1,1,1,1,2,0,1,0,0,1,1,0,1,0,2,0,0,0,2,1,1,0,0,1,0,1,1,2,1,1,0,0,0,1,0,1,0,2,0,0,0,0,0,1,0,0,0,2
"IND054",1,1,0,1,2,0,2,0,1,0,0,1,0,0,1,0,2,0,0,1,0,1,1,0,0,1,0,1,1,1,1,2,1,0,1,1,0,1,0,1,0,1,0,0,0,1,0,0,0,2
"IND055",1,2,1,0,2,1,2,0,1,0,0,1,0,0,1,1,2,0,0,0,0,1,1,0,0,1,1,2,2,2,1,1,1,0,0,1,0,1,2,2,0,1,0,0,0,2,1,0,1,2
"IND056",2,2,1,1,2,1,1,0,1,0,0,0,0,0,0,1,2,0,0,0,1,2,1,0,0,1,1,0,2,1,1,0,0,0,0,1,0,1,1,2,0,1,1,0,0,2,2,0,0,1
"IND057",2,1,0,1,1,0,2,0,1,0,0,1,0,0,1,0,2,0,0,0,0,1,1,0,0,1,1,2,1,2,1,0,1,0,0,1,0,1,1,1,0,1,1,0,0,2,0,0,0,1
"IND058",2,2,0,1,1,0,2,0,1,0,0,1,0,0,1,0,2,0,0,1,1,2,1,0,0,1,1,1,0,1,1,0,1,0,1,1,0,1,2,2,0,1,1,0,0,2,1,0,1,2
"IND059",2,1,1,1,1,1,1,0,1,0,0,2,1,0,1,1,2,0,0,1,2,1,1,0,0,1,0,2,0,1,1,1,1,0,0,1,0,1,1,2,0,0,1,0,0,2,0,0,0,2
"IND060",1,2,0,0,2,0,2,0,1,0,0,2,0,0,0,1,2,0,0,1,1,1,1,0,0,1,0,1,1,0,1,1,1,0,0,1,0,1,1,2,0,0,0,0,0,1,2,0,1,1
"IND061",0,2,0,2,0,1,1,0,1,0,1,1,2,0,0,1,0,0,1,1,1,1,1,2,1,1,1,0,0,2,1,1,0,0,0,1,0,0,0,1,2,1,0,1,0,0,1,1,1,1
"IND062",0,2,0,2,0,0,1,0,1,0,0,0,1,1,0,0,1,1,1,0,0,0,0,2,0,2,1,0,0,1,1,1,0,0,0,1,0,0,1,1,1,1,0,2,0,0,1,1,1,0
"IND063",1,2,1,2,0,1,1,1,1,0,1,0,2,0,0,0,0,1,0,1,0,1,1,1,1,1,1,0,1,2,2,2,0,0,0,1,0,0,0,0,2,1,0,1,0,0,0,0,1,1
"IND064",0,1,1,1,0,1,1,0,1,0,1,1,1,0,0,1,0,1,0,1,0,1,1,2,0,2,1,0,0,1,2,1,0,0,0,0,0,0,1,0,2,1,0,1,0,0,1,0,1,1
"IND065",0,1,0,2,0,0,0,1,1,0,0,0,1,1,0,0,1,1,1,1,0,1,0,1,1,2,1,0,0,2,2,1,0,0,0,1,0,0,1,0,1,1,0,2,0,0,2,1,2,1
"IND066",0,0,0,2,0,0,0,0,1,0,0,1,2,1,0,1,1,1,0,0,0,0,1,1,0,1,1,0,0,2,1,2,0,0,0,1,0,0,1,0,1,1,0,2,0,0,1,1,2,0
"IND067",1,1,0,1,0,0,0,1,1,0,0,1,2,0,0,1,0,0,0,1,1,0,0,1,0,1,1,0,0,1,2,1,0,0,0,0,0,0,1,1,1,1,0,1,0,0,0,0,2,0
"IND068",0,1,1,2,0,1,1,1,1,0,0,0,2,0,0,1,1,0,0,1,0,0,0,2,1,1,1,0,1,1,1,1,0,0,0,1,0,0,1,1,2,2,0,2,0,0,1,0,1,0
"IND069",1,0,0,1,0,1,1,1,1,0,1,0,2,1,0,1,1,1,0,0,0,0,1,1,0,2,1,0,1,2,2,2,0,0,0,1,0,0,0,0,2,2,0,1,0,0,0,1,2,1
"IND070",0,1,0,1,0,0,0,1,1,0,1,1,2,0,0,0,0,1,1,1,1,0,0,1,1,2,1,0,0,1,1,1,0,0,0,1,0,0,1,1,1,1,0,1,0,0,2,0,1,0
"IND071",1,1,1,1,0,0,1,1,1,1,0,1,0,0,0,0,0,0,1,0,1,0,2,1,0,0,1,0,1,1,1,2,0,0,0,1,0,0,1,2,0,1,0,1,0,1,1,1,1,0
"IND072",0,1,0,1,0,0,1,1,1,0,0,1,1,0,0,0,1,0,0,0,1,0,0,1,0,0,1,0,1,1,1,2,0,1,0,1,0,1,0,1,0,1,0,1,0,1,2,1,2,1
"IND073",1,0,1,1,1,0,1,1,2,1,0,0,0,1,0,0,0,0,0,0,1,0,2,0,0,0,1,0,1,0,1,1,0,0,0,1,0,0,0,1,0,0,0,1,0,1,1,1,1,0
"IND074",1,1,1,1,1,0,1,1,2,0,0,0,0,1,0,0,0,0,0,0,0,0,1,0,0,0,1,0,1,1,1,1,0,1,1,0,0,1,0,2,0,1,0,0,0,1,2,1,2,1
"IND075",0,0,1,1,1,0,1,1,0,0,1,1,0,0,0,0,1,0,0,0,0,0,1,1,0,0,1,0,1,0,1,2,0,1,0,0,0,0,1,0,0,0,0,0,1,1,2,1,1,0
"IND076",0,2,1,1,0,0,1,1,1,0,1,0,1,0,0,0,1,0,0,0,1,0,2,0,0,0,1,0,0,1,1,1,0,0,1,1,0,0,0,2,0,1,0,0,1,1,1,1,1,1
"IND077",0,1,1,1,0,0,1,1,0,2,1,1,0,0,0,0,1,0,1,0,1,0,2,1,0,0,1,0,0,1,1,1,0,1,0,0,0,0,0,2,0,1,0,1,1,1,2,1,2,0
"IND078",0,1,1,1,1,0,1,1,1,1,1,1,0,0,0,0,1,0,0,0,1,0,1,0,0,0,1,0,0,0,1,2,0,1,1,0,0,1,1,1,0,1,0,1,0,1,2,1,2,0
"IND079",1,2,1,1,1,0,1,1,2,2,0,1,1,0,0,0,0,0,1,0,1,0,1,1,0,0,1,0,0,1,1,2,0,1,0,1,0,0,1,0,0,0,0,1,1,1,1,1,2,1
"IND080",1,2,1,1,0,0,1,1,2,0,1,1,1,1,0,0,1,0,0,0,1,0,1,1,0,0,1,0,0,0,1,2,0,1,0,1,0,1,0,1,0,0,0,0,0,1,2,1,2,0
"IND081",1,2,0,0,0,1,1,0,0,0,0,1,1,0,1,1,1,0,0,1,1,0,2,0,2,0,1,1,1,2,0,2,1,0,0,0,0,0,0,1,0,0,1,1,2,1,1,1,1,1
"IND082",0,2,0,1,0,1,1,0,0,1,0,1,1,0,1,0,0,0,1,1,1,0,1,1,0,1,1,1,1,1,1,2,1,0,0,0,0,1,0,1,0,0,0,2,2,1,1,1,1,1
"IND083",1,1,0,0,0,0,1,0,0,1,1,0,0,0,1,1,0,0,1,1,1,0,2,0,1,1,1,1,0,0,0,2,0,0,0,0,0,1,1,1,0,1,0,1,2,1,1,1,1,1
"IND084",1,1,0,1,0,1,1,0,0,1,1,1,1,0,2,0,1,2,0,1,1,0,2,1,0,1,1,1,1,1,0,2,0,0,0,0,0,0,0,0,0,0,0,1,1,1,1,1,1,1
"IND085",0,2,0,2,0,1,1,0,0,0,0,0,0,0,2,0,1,2,1,1,1,0,2,0,1,1,1,1,1,1,0,2,1,0,0,0,0,1,0,1,0,0,1,1,0,1,1,1,1,1
"IND086",0,1,0,2,0,1,1,0,0,2,1,0,0,0,2,1,0,1,0,1,1,0,1,1,0,1,1,1,0,1,1,2,1,0,0,0,0,1,0,2,0,1,0,2,2,1,1,1,1,1
"IND087",0,2,0,2,0,1,1,0,0,2,0,0,1,0,2,2,1,0,0,1,1,0,1,1,2,1,1,1,1,1,0,2,1,0,0,0,0,1,0,0,0,0,1,2,1,1,1,1,1,1
"IND088",0,2,0,1,0,1,1,0,0,2,0,1,1,0,1,1,0,1,1,1,1,0,1,1,0,0,1,1,1,0,1,2,0,0,0,0,0,1,0,1,0,1,0,1,0,1,1,1,1,1
"IND089",1,2,0,2,0,1,1,0,0,2,1,0,0,0,1,1,1,0,1,1,1,0,1,0,1,1,1,1,0,1,0,2,1,0,0,0,0,1,0,2,0,0,1,2,2,1,1,1,1,1
"IND090",0,1,0,0,0,0,1,0,0,0,1,0,0,0,2,1,0,1,1,1,1,0,2,0,2,0,1,1,1,0,1,2,1,0,0,0,0,1,1,2,0,1,1,2,1,1,1,1,1,1
"IND091",0,1,0,1,1,0,1,1,1,0,2,0,1,0,1,0,2,0,1,0,2,0,1,0,0,0,1,0,1,2,1,0,0,0,0,1,1,0,1,0,0,1,0,0,2,2,0,0,2,1
"IND092",0,2,0,0,1,0,1,0,0,0,2,0,1,0,1,1,1,1,1,0,2,0,1,1,0,0,2,0,1,2,0,0,0,0,0,1,0,0,1,0,1,0,0,1,2,1,1,0,2,1
"IND093",0,2,0,0,2,0,1,0,0,0,1,0,1,0,1,1,1,1,0,0,2,0,1,1,1,0,1,0,1,2,1,0,0,1,0,1,1,0,1,1,0,2,0,0,2,1,1,0,1,1
"IND094",0,2,0,1,1,1,1,0,1,0,1,0,1,0,1,0,1,0,0,0,1,0,0,2,0,0,2,0,1,1,0,0,0,0,0,1,0,0,1,2,1,0,0,1,2,1,0,0,2,1
"IND095",0,1,0,1,2,1,1,0,1,0,1,0,1,0,0,1,2,0,1,0,2,0,0,1,1,0,1,0,1,2,0,0,0,0,0,1,0,0,1,0,1,2,0,1,2,1,0,0,2,1
"IND096",0,1,0,0,1,1,1,0,0,0,1,0,1,0,1,1,1,0,1,0,2,0,1,1,1,0,1,0,1,2,0,0,0,1,0,1,0,0,1,1,0,2,0,1,2,2,1,0,2,1
"IND097",0,2,0,1,0,0,1,1,0,0,2,0,1,0,0,0,1,1,0,0,1,0,0,1,0,0,0,0,1,2,1,0,0,1,0,1,1,0,1,0,2,1,0,1,2,1,1,0,2,1
"IND098",0,1,0,2,0,1,1,1,1,0,1,0,1,0,0,1,2,2,0,0,2,0,1,1,0,0,1,0,1,2,1,0,0,1,0,1,0,0,1,2,0,1,0,0,2,1,1,0,1,1
"IND099",0,1,0,0,1,0,1,0,1,0,1,0,1,0,1,1,1,1,1,0,2,0,0,1,0,0,0,0,1,2,0,0,0,1,0,1,1,0,1,2,1,2,0,0,2,1,0,0,1,1
"IND100",0,2,0,1,0,0,1,1,0,0,2,0,1,0,0,1,2,1,0,0,2,0,1,1,1,0,1,0,1,1,1,0,0,1,0,1,0,0,1,0,0,1,0,1,2,1,1,0,1,1
